production_id,timestamp,machine_id,product_type,order_id,shift,target_output,actual_output,downtime_minutes,defect_count,total_units,machine_temperature_c,machine_status
P1001,2026-08-03T06:00:00,M-A01,Widget-A,ORD-501,A,500,485,15,18,500,72.1,RUNNING
P1002,2026-08-03T08:00:00,M-A02,Widget-A,ORD-502,A,500,492,8,12,500,70.4,RUNNING
P1003,2026-08-03T10:00:00,M-A03,Widget-B,ORD-503,A,480,462,18,21,480,74.2,RUNNING
P1004,2026-08-03T12:00:00,M-A01,Widget-A,ORD-504,B,500,478,22,24,500,73.0,WARNING
P1005,2026-08-03T14:00:00,M-A02,Widget-C,ORD-505,B,450,441,9,9,450,71.8,RUNNING
P1006,2026-08-03T16:00:00,M-A03,Widget-B,ORD-506,B,480,430,50,39,480,79.5,WARNING
P1007,2026-08-04T06:00:00,M-A01,Widget-C,ORD-507,A,450,447,3,7,450,70.8,RUNNING
P1008,2026-08-04T08:00:00,M-A02,Widget-A,ORD-508,A,500,503,0,6,500,70.1,RUNNING
P1009,2026-08-04T10:00:00,M-A03,Widget-B,ORD-509,A,480,471,9,13,480,75.0,RUNNING
P1010,2026-08-04T12:00:00,M-A01,Widget-A,ORD-510,B,500,392,108,43,500,81.2,CRITICAL
P1011,2026-08-04T14:00:00,M-A02,Widget-C,ORD-511,B,450,438,12,11,450,72.0,RUNNING
P1012,2026-08-04T16:00:00,M-A03,Widget-B,ORD-512,B,480,468,12,16,480,76.1,RUNNING
P1013,2026-08-05T06:00:00,M-A01,Widget-C,ORD-513,A,450,456,0,5,450,71.2,RUNNING
P1014,2026-08-05T08:00:00,M-A02,Widget-A,ORD-514,A,500,487,13,10,500,70.9,RUNNING
P1015,2026-08-05T10:00:00,M-A03,Widget-B,ORD-515,A,480,474,6,8,480,74.8,RUNNING
P1016,2026-08-05T12:00:00,M-A01,Widget-A,ORD-516,B,500,455,45,31,500,77.9,WARNING
P1017,2026-08-05T14:00:00,M-A02,Widget-C,ORD-517,B,450,432,18,15,450,73.1,RUNNING
P1018,2026-08-05T16:00:00,M-A03,Widget-B,ORD-518,B,480,401,79,36,480,82.4,CRITICAL
P1019,2026-08-06T06:00:00,M-A01,Widget-C,ORD-519,A,450,449,1,6,450,70.6,RUNNING
P1020,2026-08-06T08:00:00,M-A02,Widget-A,ORD-520,A,500,493,7,7,500,71.0,RUNNING
P1021,2026-08-06T10:00:00,M-A03,Widget-B,ORD-521,A,480,463,17,19,480,75.8,WARNING
P1022,2026-08-06T12:00:00,M-A01,Widget-A,ORD-522,B,500,472,28,22,500,74.9,WARNING
P1023,2026-08-06T14:00:00,M-A02,Widget-C,ORD-523,B,450,446,4,8,450,72.2,RUNNING
P1024,2026-08-06T16:00:00,M-A03,Widget-B,ORD-524,B,480,475,5,7,480,74.6,RUNNING
P1025,2026-08-07T06:00:00,M-A01,Widget-C,ORD-525,A,450,444,6,9,450,71.5,RUNNING
P1026,2026-08-07T08:00:00,M-A02,Widget-A,ORD-526,A,500,481,19,17,500,73.8,WARNING
P1027,2026-08-07T10:00:00,M-A03,Widget-B,ORD-527,A,480,472,8,10,480,75.2,RUNNING
P1028,2026-08-07T12:00:00,M-A01,Widget-A,ORD-528,B,500,410,90,41,500,80.6,CRITICAL
P1029,2026-08-07T14:00:00,M-A02,Widget-C,ORD-529,B,450,439,11,13,450,72.7,RUNNING
P1030,2026-08-07T16:00:00,M-A03,Widget-B,ORD-530,B,480,454,26,24,480,78.0,WARNING
P1031,2026-08-08T06:00:00,M-A01,Widget-C,ORD-531,A,450,452,0,4,450,70.3,RUNNING
P1032,2026-08-08T08:00:00,M-A02,Widget-A,ORD-532,A,500,496,4,5,500,70.7,RUNNING
P1033,2026-08-08T10:00:00,M-A03,Widget-B,ORD-533,A,480,469,11,12,480,75.5,RUNNING
P1034,2026-08-08T12:00:00,M-A01,Widget-A,ORD-534,B,500,476,24,20,500,74.1,WARNING
P1035,2026-08-08T14:00:00,M-A02,Widget-C,ORD-535,B,450,445,5,8,450,72.4,RUNNING
P1036,2026-08-08T16:00:00,M-A03,Widget-B,ORD-536,B,480,438,42,32,480,80.1,WARNING
